date,geo,name,value
2001-01-01,"DETROIT, MI",Lowest Tier year-over-year,0.061535496924830985
2001-01-01,"DETROIT, MI",Middle Tier year-over-year,0.05498884960104466
2001-01-01,"DETROIT, MI",Highest Tier year-over-year,0.05138606708340824
2001-02-01,"DETROIT, MI",Lowest Tier year-over-year,0.06678987954878593
2001-02-01,"DETROIT, MI",Middle Tier year-over-year,0.06210901456857218
2001-02-01,"DETROIT, MI",Highest Tier year-over-year,0.05668153755720989
2001-03-01,"DETROIT, MI",Lowest Tier year-over-year,0.07146916737709577
2001-03-01,"DETROIT, MI",Middle Tier year-over-year,0.06000721361527944
2001-03-01,"DETROIT, MI",Highest Tier year-over-year,0.050043431126313875
2001-04-01,"DETROIT, MI",Lowest Tier year-over-year,0.07108330074305827
2001-04-01,"DETROIT, MI",Middle Tier year-over-year,0.055478444442597474
2001-04-01,"DETROIT, MI",Highest Tier year-over-year,0.04361184688982446
2001-05-01,"DETROIT, MI",Lowest Tier year-over-year,0.07465046346529436
2001-05-01,"DETROIT, MI",Middle Tier year-over-year,0.056594605723697754
2001-05-01,"DETROIT, MI",Highest Tier year-over-year,0.04192463944413409
2001-06-01,"DETROIT, MI",Lowest Tier year-over-year,0.07933863902770066
2001-06-01,"DETROIT, MI",Middle Tier year-over-year,0.05890306561447501
2001-06-01,"DETROIT, MI",Highest Tier year-over-year,0.04175931164234873
2001-07-01,"DETROIT, MI",Lowest Tier year-over-year,0.07782501266133611
2001-07-01,"DETROIT, MI",Middle Tier year-over-year,0.05652361809864725
2001-07-01,"DETROIT, MI",Highest Tier year-over-year,0.03819417170685728
2001-08-01,"DETROIT, MI",Lowest Tier year-over-year,0.07343778632948507
2001-08-01,"DETROIT, MI",Middle Tier year-over-year,0.05368719117897624
2001-08-01,"DETROIT, MI",Highest Tier year-over-year,0.03551993538869367
2001-09-01,"DETROIT, MI",Lowest Tier year-over-year,0.07341675568441935
2001-09-01,"DETROIT, MI",Middle Tier year-over-year,0.051396186028410194
2001-09-01,"DETROIT, MI",Highest Tier year-over-year,0.03487373079927102
2001-10-01,"DETROIT, MI",Lowest Tier year-over-year,0.0692642012962257
2001-10-01,"DETROIT, MI",Middle Tier year-over-year,0.049675098442741164
2001-10-01,"DETROIT, MI",Highest Tier year-over-year,0.03175021301228642
2001-11-01,"DETROIT, MI",Lowest Tier year-over-year,0.06281525731092182
2001-11-01,"DETROIT, MI",Middle Tier year-over-year,0.04528488263823103
2001-11-01,"DETROIT, MI",Highest Tier year-over-year,0.026401739316947614
2001-12-01,"DETROIT, MI",Lowest Tier year-over-year,0.05487230876681546
2001-12-01,"DETROIT, MI",Middle Tier year-over-year,0.03969764927961795
2001-12-01,"DETROIT, MI",Highest Tier year-over-year,0.019861416914907396
2002-01-01,"DETROIT, MI",Lowest Tier year-over-year,0.050465169049239846
2002-01-01,"DETROIT, MI",Middle Tier year-over-year,0.03567007989197705
2002-01-01,"DETROIT, MI",Highest Tier year-over-year,0.015030147398032757
2002-02-01,"DETROIT, MI",Lowest Tier year-over-year,0.042774359280721666
2002-02-01,"DETROIT, MI",Middle Tier year-over-year,0.0298083973602831
2002-02-01,"DETROIT, MI",Highest Tier year-over-year,0.009006633589823565
2002-03-01,"DETROIT, MI",Lowest Tier year-over-year,0.04050450131871694
2002-03-01,"DETROIT, MI",Middle Tier year-over-year,0.028518750049456768
2002-03-01,"DETROIT, MI",Highest Tier year-over-year,0.005537279647050525
2002-04-01,"DETROIT, MI",Lowest Tier year-over-year,0.043114402138193925
2002-04-01,"DETROIT, MI",Middle Tier year-over-year,0.030403489983621017
2002-04-01,"DETROIT, MI",Highest Tier year-over-year,0.004756561849688809
2002-05-01,"DETROIT, MI",Lowest Tier year-over-year,0.04143949228328285
2002-05-01,"DETROIT, MI",Middle Tier year-over-year,0.02910434382721342
2002-05-01,"DETROIT, MI",Highest Tier year-over-year,0.0014498638968026853
2002-06-01,"DETROIT, MI",Lowest Tier year-over-year,0.045741640468705345
2002-06-01,"DETROIT, MI",Middle Tier year-over-year,0.03326910129315348
2002-06-01,"DETROIT, MI",Highest Tier year-over-year,0.002974198355666132
2002-07-01,"DETROIT, MI",Lowest Tier year-over-year,0.04758650149508757
2002-07-01,"DETROIT, MI",Middle Tier year-over-year,0.03295490503276196
2002-07-01,"DETROIT, MI",Highest Tier year-over-year,8.543128613491208e-4
2002-08-01,"DETROIT, MI",Lowest Tier year-over-year,0.045296117678858494
2002-08-01,"DETROIT, MI",Middle Tier year-over-year,0.029760988080204515
2002-08-01,"DETROIT, MI",Highest Tier year-over-year,-0.005346349072565681
2002-09-01,"DETROIT, MI",Lowest Tier year-over-year,0.044696549665202374
2002-09-01,"DETROIT, MI",Middle Tier year-over-year,0.03032967032967033
2002-09-01,"DETROIT, MI",Highest Tier year-over-year,-0.0068585768374444965
2002-10-01,"DETROIT, MI",Lowest Tier year-over-year,0.04598029008656959
2002-10-01,"DETROIT, MI",Middle Tier year-over-year,0.031029771599268254
2002-10-01,"DETROIT, MI",Highest Tier year-over-year,-0.005493968612197682
2002-11-01,"DETROIT, MI",Lowest Tier year-over-year,0.050413661586109
2002-11-01,"DETROIT, MI",Middle Tier year-over-year,0.03411309062742061
2002-11-01,"DETROIT, MI",Highest Tier year-over-year,-7.91562576187898e-5
2002-12-01,"DETROIT, MI",Lowest Tier year-over-year,0.05653750935574875
2002-12-01,"DETROIT, MI",Middle Tier year-over-year,0.03850779389058293
2002-12-01,"DETROIT, MI",Highest Tier year-over-year,0.006543397232787468
2003-01-01,"DETROIT, MI",Lowest Tier year-over-year,0.06141904638470068
2003-01-01,"DETROIT, MI",Middle Tier year-over-year,0.04098373378034395
2003-01-01,"DETROIT, MI",Highest Tier year-over-year,0.012099696156828843
2003-02-01,"DETROIT, MI",Lowest Tier year-over-year,0.06538241191635634
2003-02-01,"DETROIT, MI",Middle Tier year-over-year,0.038875301838895426
2003-02-01,"DETROIT, MI",Highest Tier year-over-year,0.015003473616449008
2003-03-01,"DETROIT, MI",Lowest Tier year-over-year,0.06720666119119771
2003-03-01,"DETROIT, MI",Middle Tier year-over-year,0.035313940158643455
2003-03-01,"DETROIT, MI",Highest Tier year-over-year,0.015828425479811104
2003-04-01,"DETROIT, MI",Lowest Tier year-over-year,0.06437882415536046
2003-04-01,"DETROIT, MI",Middle Tier year-over-year,0.03319755756459539
2003-04-01,"DETROIT, MI",Highest Tier year-over-year,0.015741969145994992
2003-05-01,"DETROIT, MI",Lowest Tier year-over-year,0.059789759428278605
2003-05-01,"DETROIT, MI",Middle Tier year-over-year,0.02878111958555188
2003-05-01,"DETROIT, MI",Highest Tier year-over-year,0.013219962047652689
2003-06-01,"DETROIT, MI",Lowest Tier year-over-year,0.05154343340484552
2003-06-01,"DETROIT, MI",Middle Tier year-over-year,0.02294821671984302
2003-06-01,"DETROIT, MI",Highest Tier year-over-year,0.00931166697096951
2003-07-01,"DETROIT, MI",Lowest Tier year-over-year,0.04420159843418692
2003-07-01,"DETROIT, MI",Middle Tier year-over-year,0.017117325782084712
2003-07-01,"DETROIT, MI",Highest Tier year-over-year,0.007411373765689718
2003-08-01,"DETROIT, MI",Lowest Tier year-over-year,0.037576384446833706
2003-08-01,"DETROIT, MI",Middle Tier year-over-year,0.011620168544787
2003-08-01,"DETROIT, MI",Highest Tier year-over-year,0.007189968192137197
2003-09-01,"DETROIT, MI",Lowest Tier year-over-year,0.03921888820847792
2003-09-01,"DETROIT, MI",Middle Tier year-over-year,0.011406502604634453
2003-09-01,"DETROIT, MI",Highest Tier year-over-year,0.012842961860582936
2003-10-01,"DETROIT, MI",Lowest Tier year-over-year,0.03951405080377961
2003-10-01,"DETROIT, MI",Middle Tier year-over-year,0.010481160114693838
2003-10-01,"DETROIT, MI",Highest Tier year-over-year,0.015850326768384288
2003-11-01,"DETROIT, MI",Lowest Tier year-over-year,0.037838354331890964
2003-11-01,"DETROIT, MI",Middle Tier year-over-year,0.009258149568552252
2003-11-01,"DETROIT, MI",Highest Tier year-over-year,0.014135260254713337
2003-12-01,"DETROIT, MI",Lowest Tier year-over-year,0.03723230341670754
2003-12-01,"DETROIT, MI",Middle Tier year-over-year,0.010168402492416658
2003-12-01,"DETROIT, MI",Highest Tier year-over-year,0.013525320548204456
2004-01-01,"DETROIT, MI",Lowest Tier year-over-year,0.03154424334518221
2004-01-01,"DETROIT, MI",Middle Tier year-over-year,0.008379492608303452
2004-01-01,"DETROIT, MI",Highest Tier year-over-year,0.008874429646749967
2004-02-01,"DETROIT, MI",Lowest Tier year-over-year,0.02980439604759024
2004-02-01,"DETROIT, MI",Middle Tier year-over-year,0.012024048096192385
2004-02-01,"DETROIT, MI",Highest Tier year-over-year,0.01054310490985928
2004-03-01,"DETROIT, MI",Lowest Tier year-over-year,0.021017992675548006
2004-03-01,"DETROIT, MI",Middle Tier year-over-year,0.011161726128991505
2004-03-01,"DETROIT, MI",Highest Tier year-over-year,0.007232160513784737
2004-04-01,"DETROIT, MI",Lowest Tier year-over-year,0.01511464239203357
2004-04-01,"DETROIT, MI",Middle Tier year-over-year,0.008550485587697951
2004-04-01,"DETROIT, MI",Highest Tier year-over-year,0.004081223552700405
2004-05-01,"DETROIT, MI",Lowest Tier year-over-year,0.014884997386304234
2004-05-01,"DETROIT, MI",Middle Tier year-over-year,0.0078847980210703
2004-05-01,"DETROIT, MI",Highest Tier year-over-year,0.007457039945971635
2004-06-01,"DETROIT, MI",Lowest Tier year-over-year,0.02050602315699193
2004-06-01,"DETROIT, MI",Middle Tier year-over-year,0.008434493564305692
2004-06-01,"DETROIT, MI",Highest Tier year-over-year,0.01370140725585109
2004-07-01,"DETROIT, MI",Lowest Tier year-over-year,0.03052431531812975
2004-07-01,"DETROIT, MI",Middle Tier year-over-year,0.01325918961008433
2004-07-01,"DETROIT, MI",Highest Tier year-over-year,0.021288902506894115
2004-08-01,"DETROIT, MI",Lowest Tier year-over-year,0.03914058605944542
2004-08-01,"DETROIT, MI",Middle Tier year-over-year,0.020083230465602755
2004-08-01,"DETROIT, MI",Highest Tier year-over-year,0.025110815324535078
2004-09-01,"DETROIT, MI",Lowest Tier year-over-year,0.040436314114735424
2004-09-01,"DETROIT, MI",Middle Tier year-over-year,0.020143267323801912
2004-09-01,"DETROIT, MI",Highest Tier year-over-year,0.0213742414911011
2004-10-01,"DETROIT, MI",Lowest Tier year-over-year,0.04453101431026115
2004-10-01,"DETROIT, MI",Middle Tier year-over-year,0.019937320797492834
2004-10-01,"DETROIT, MI",Highest Tier year-over-year,0.021484173907617428
2004-11-01,"DETROIT, MI",Lowest Tier year-over-year,0.051268561507806024
2004-11-01,"DETROIT, MI",Middle Tier year-over-year,0.02069170253822176
2004-11-01,"DETROIT, MI",Highest Tier year-over-year,0.025231835638679864
2004-12-01,"DETROIT, MI",Lowest Tier year-over-year,0.06068008983805508
2004-12-01,"DETROIT, MI",Middle Tier year-over-year,0.0243182675453194
2004-12-01,"DETROIT, MI",Highest Tier year-over-year,0.032319504050441455
2005-01-01,"DETROIT, MI",Lowest Tier year-over-year,0.06556536149728401
2005-01-01,"DETROIT, MI",Middle Tier year-over-year,0.026445168969621693
2005-01-01,"DETROIT, MI",Highest Tier year-over-year,0.035316199197557185
2005-02-01,"DETROIT, MI",Lowest Tier year-over-year,0.06622542492363123
2005-02-01,"DETROIT, MI",Middle Tier year-over-year,0.024756155912989068
2005-02-01,"DETROIT, MI",Highest Tier year-over-year,0.03525756540110607
2005-03-01,"DETROIT, MI",Lowest Tier year-over-year,0.06713624785569476
2005-03-01,"DETROIT, MI",Middle Tier year-over-year,0.021533192718400224
2005-03-01,"DETROIT, MI",Highest Tier year-over-year,0.03573287293420302
2005-04-01,"DETROIT, MI",Lowest Tier year-over-year,0.06805929919137467
2005-04-01,"DETROIT, MI",Middle Tier year-over-year,0.019904219195763937
2005-04-01,"DETROIT, MI",Highest Tier year-over-year,0.03524347256449449
2005-05-01,"DETROIT, MI",Lowest Tier year-over-year,0.06586487078123592
2005-05-01,"DETROIT, MI",Middle Tier year-over-year,0.017187477173452544
2005-05-01,"DETROIT, MI",Highest Tier year-over-year,0.02977806881697738
2005-06-01,"DETROIT, MI",Lowest Tier year-over-year,0.06265041830614662
2005-06-01,"DETROIT, MI",Middle Tier year-over-year,0.014905542567557757
2005-06-01,"DETROIT, MI",Highest Tier year-over-year,0.024232578603580735
2005-07-01,"DETROIT, MI",Lowest Tier year-over-year,0.06305498364258738
2005-07-01,"DETROIT, MI",Middle Tier year-over-year,0.013129182162871456
2005-07-01,"DETROIT, MI",Highest Tier year-over-year,0.02319935587958867
2005-08-01,"DETROIT, MI",Lowest Tier year-over-year,0.06128348186109919
2005-08-01,"DETROIT, MI",Middle Tier year-over-year,0.006818642937885858
2005-08-01,"DETROIT, MI",Highest Tier year-over-year,0.020134926978352275
2005-09-01,"DETROIT, MI",Lowest Tier year-over-year,0.05822163488767227
2005-09-01,"DETROIT, MI",Middle Tier year-over-year,0.003286085278628114
2005-09-01,"DETROIT, MI",Highest Tier year-over-year,0.016461182462627177
2005-10-01,"DETROIT, MI",Lowest Tier year-over-year,0.05142275912298767
2005-10-01,"DETROIT, MI",Middle Tier year-over-year,-0.001641678289167829
2005-10-01,"DETROIT, MI",Highest Tier year-over-year,0.010424525276343077
2005-11-01,"DETROIT, MI",Lowest Tier year-over-year,0.03939746525040974
2005-11-01,"DETROIT, MI",Middle Tier year-over-year,-0.012753766505729743
2005-11-01,"DETROIT, MI",Highest Tier year-over-year,2.4973275549640476e-4
2005-12-01,"DETROIT, MI",Lowest Tier year-over-year,0.03690082593459391
2005-12-01,"DETROIT, MI",Middle Tier year-over-year,-0.01522798656991227
2005-12-01,"DETROIT, MI",Highest Tier year-over-year,-0.0020620545781229274
2006-01-01,"DETROIT, MI",Lowest Tier year-over-year,0.03796780882788585
2006-01-01,"DETROIT, MI",Middle Tier year-over-year,-0.01992249960385485
2006-01-01,"DETROIT, MI",Highest Tier year-over-year,-0.003902409692888174
2006-02-01,"DETROIT, MI",Lowest Tier year-over-year,0.03385368839914295
2006-02-01,"DETROIT, MI",Middle Tier year-over-year,-0.02703149244296305
2006-02-01,"DETROIT, MI",Highest Tier year-over-year,-0.010161820844637584
2006-03-01,"DETROIT, MI",Lowest Tier year-over-year,0.02545241980661032
2006-03-01,"DETROIT, MI",Middle Tier year-over-year,-0.03784919315966302
2006-03-01,"DETROIT, MI",Highest Tier year-over-year,-0.019250963601296234
2006-04-01,"DETROIT, MI",Lowest Tier year-over-year,0.01277602523659306
2006-04-01,"DETROIT, MI",Middle Tier year-over-year,-0.04619356137689028
2006-04-01,"DETROIT, MI",Highest Tier year-over-year,-0.028179878746971688
2006-05-01,"DETROIT, MI",Lowest Tier year-over-year,0.006064706308744292
2006-05-01,"DETROIT, MI",Middle Tier year-over-year,-0.0495278446016301
2006-05-01,"DETROIT, MI",Highest Tier year-over-year,-0.03280170699070558
2006-06-01,"DETROIT, MI",Lowest Tier year-over-year,5.392385951037135e-4
2006-06-01,"DETROIT, MI",Middle Tier year-over-year,-0.05325244836787398
2006-06-01,"DETROIT, MI",Highest Tier year-over-year,-0.03708699191632146
2006-07-01,"DETROIT, MI",Lowest Tier year-over-year,-0.015066360903506375
2006-07-01,"DETROIT, MI",Middle Tier year-over-year,-0.06256261270286516
2006-07-01,"DETROIT, MI",Highest Tier year-over-year,-0.04886827735806717
2006-08-01,"DETROIT, MI",Lowest Tier year-over-year,-0.025143618349845975
2006-08-01,"DETROIT, MI",Middle Tier year-over-year,-0.06501133542049012
2006-08-01,"DETROIT, MI",Highest Tier year-over-year,-0.054382478491363524
2006-09-01,"DETROIT, MI",Lowest Tier year-over-year,-0.0333725812014605
2006-09-01,"DETROIT, MI",Middle Tier year-over-year,-0.07198478746556573
2006-09-01,"DETROIT, MI",Highest Tier year-over-year,-0.060499388712562406
2006-10-01,"DETROIT, MI",Lowest Tier year-over-year,-0.045874189348971084
2006-10-01,"DETROIT, MI",Middle Tier year-over-year,-0.08258996784004424
2006-10-01,"DETROIT, MI",Highest Tier year-over-year,-0.06892694988724782
2006-11-01,"DETROIT, MI",Lowest Tier year-over-year,-0.06302510893377308
2006-11-01,"DETROIT, MI",Middle Tier year-over-year,-0.09431113467968831
2006-11-01,"DETROIT, MI",Highest Tier year-over-year,-0.07993411137126903
2006-12-01,"DETROIT, MI",Lowest Tier year-over-year,-0.08931535641353285
2006-12-01,"DETROIT, MI",Middle Tier year-over-year,-0.11028991245435749
2006-12-01,"DETROIT, MI",Highest Tier year-over-year,-0.094639663589347
2007-01-01,"DETROIT, MI",Lowest Tier year-over-year,-0.1223897635922561
2007-01-01,"DETROIT, MI",Middle Tier year-over-year,-0.13149656064436474
2007-01-01,"DETROIT, MI",Highest Tier year-over-year,-0.11146726548894262
2007-02-01,"DETROIT, MI",Lowest Tier year-over-year,-0.15799384178114637
2007-02-01,"DETROIT, MI",Middle Tier year-over-year,-0.154845140093765
2007-02-01,"DETROIT, MI",Highest Tier year-over-year,-0.12872094644990328
2007-03-01,"DETROIT, MI",Lowest Tier year-over-year,-0.1941119186736972
2007-03-01,"DETROIT, MI",Middle Tier year-over-year,-0.17896185078287397
2007-03-01,"DETROIT, MI",Highest Tier year-over-year,-0.14631430070348428
2007-04-01,"DETROIT, MI",Lowest Tier year-over-year,-0.2286727444802511
2007-04-01,"DETROIT, MI",Middle Tier year-over-year,-0.20232503788364256
2007-04-01,"DETROIT, MI",Highest Tier year-over-year,-0.16175011472299047
2007-05-01,"DETROIT, MI",Lowest Tier year-over-year,-0.2700537970123445
2007-05-01,"DETROIT, MI",Middle Tier year-over-year,-0.23437948593964852
2007-05-01,"DETROIT, MI",Highest Tier year-over-year,-0.18413475919832487
2007-06-01,"DETROIT, MI",Lowest Tier year-over-year,-0.3145899204752323
2007-06-01,"DETROIT, MI",Middle Tier year-over-year,-0.2699349417800715
2007-06-01,"DETROIT, MI",Highest Tier year-over-year,-0.20766377473506226
2007-07-01,"DETROIT, MI",Lowest Tier year-over-year,-0.3585465600231624
2007-07-01,"DETROIT, MI",Middle Tier year-over-year,-0.3015075760467158
2007-07-01,"DETROIT, MI",Highest Tier year-over-year,-0.22797050570634053
2007-08-01,"DETROIT, MI",Lowest Tier year-over-year,-0.40667130290496933
2007-08-01,"DETROIT, MI",Middle Tier year-over-year,-0.33825204753987315
2007-08-01,"DETROIT, MI",Highest Tier year-over-year,-0.25391262388652913
2007-09-01,"DETROIT, MI",Lowest Tier year-over-year,-0.44943709627806827
2007-09-01,"DETROIT, MI",Middle Tier year-over-year,-0.3688635071016198
2007-09-01,"DETROIT, MI",Highest Tier year-over-year,-0.2749851760444879
2007-10-01,"DETROIT, MI",Lowest Tier year-over-year,-0.4925520729020629
2007-10-01,"DETROIT, MI",Middle Tier year-over-year,-0.40361813668340113
2007-10-01,"DETROIT, MI",Highest Tier year-over-year,-0.30028050855161487
2007-11-01,"DETROIT, MI",Lowest Tier year-over-year,-0.5303563628889288
2007-11-01,"DETROIT, MI",Middle Tier year-over-year,-0.4343533736144882
2007-11-01,"DETROIT, MI",Highest Tier year-over-year,-0.32204646237341983
2007-12-01,"DETROIT, MI",Lowest Tier year-over-year,-0.5650030160770018
2007-12-01,"DETROIT, MI",Middle Tier year-over-year,-0.4668628032700422
2007-12-01,"DETROIT, MI",Highest Tier year-over-year,-0.34642771341626183
2008-01-01,"DETROIT, MI",Lowest Tier year-over-year,-0.5922493224932249
2008-01-01,"DETROIT, MI",Middle Tier year-over-year,-0.4940302422596231
2008-01-01,"DETROIT, MI",Highest Tier year-over-year,-0.36802021835277493
2008-02-01,"DETROIT, MI",Lowest Tier year-over-year,-0.6129903374168413
2008-02-01,"DETROIT, MI",Middle Tier year-over-year,-0.5160301209029282
2008-02-01,"DETROIT, MI",Highest Tier year-over-year,-0.3845152714125143
2008-03-01,"DETROIT, MI",Lowest Tier year-over-year,-0.6247218497177972
2008-03-01,"DETROIT, MI",Middle Tier year-over-year,-0.5310735492331791
2008-03-01,"DETROIT, MI",Highest Tier year-over-year,-0.3935699961905857
2008-04-01,"DETROIT, MI",Lowest Tier year-over-year,-0.6309699464160907
2008-04-01,"DETROIT, MI",Middle Tier year-over-year,-0.5431166474491049
2008-04-01,"DETROIT, MI",Highest Tier year-over-year,-0.39996818926646666
2008-05-01,"DETROIT, MI",Lowest Tier year-over-year,-0.6307434155329265
2008-05-01,"DETROIT, MI",Middle Tier year-over-year,-0.5476829557116918
2008-05-01,"DETROIT, MI",Highest Tier year-over-year,-0.4002344997211974
2008-06-01,"DETROIT, MI",Lowest Tier year-over-year,-0.6251201314019116
2008-06-01,"DETROIT, MI",Middle Tier year-over-year,-0.5459278195799998
2008-06-01,"DETROIT, MI",Highest Tier year-over-year,-0.3930569609537721
2008-07-01,"DETROIT, MI",Lowest Tier year-over-year,-0.616640337019484
2008-07-01,"DETROIT, MI",Middle Tier year-over-year,-0.541691255218237
2008-07-01,"DETROIT, MI",Highest Tier year-over-year,-0.38496141340222145
2008-08-01,"DETROIT, MI",Lowest Tier year-over-year,-0.6076371039049167
2008-08-01,"DETROIT, MI",Middle Tier year-over-year,-0.5385778594609685
2008-08-01,"DETROIT, MI",Highest Tier year-over-year,-0.3770881023904145
2008-09-01,"DETROIT, MI",Lowest Tier year-over-year,-0.5971350034639193
2008-09-01,"DETROIT, MI",Middle Tier year-over-year,-0.5338550989420667
2008-09-01,"DETROIT, MI",Highest Tier year-over-year,-0.3672707017210357
2008-10-01,"DETROIT, MI",Lowest Tier year-over-year,-0.584918226892622
2008-10-01,"DETROIT, MI",Middle Tier year-over-year,-0.5281663918293527
2008-10-01,"DETROIT, MI",Highest Tier year-over-year,-0.35829288889301325
2008-11-01,"DETROIT, MI",Lowest Tier year-over-year,-0.5716122326166639
2008-11-01,"DETROIT, MI",Middle Tier year-over-year,-0.5213422085483848
2008-11-01,"DETROIT, MI",Highest Tier year-over-year,-0.35038855045298345
2008-12-01,"DETROIT, MI",Lowest Tier year-over-year,-0.5550162787893405
2008-12-01,"DETROIT, MI",Middle Tier year-over-year,-0.5105807428933579
2008-12-01,"DETROIT, MI",Highest Tier year-over-year,-0.34034297733735636
2009-01-01,"DETROIT, MI",Lowest Tier year-over-year,-0.5368868802339493
2009-01-01,"DETROIT, MI",Middle Tier year-over-year,-0.496061543607325
2009-01-01,"DETROIT, MI",Highest Tier year-over-year,-0.32874127903851735
2009-02-01,"DETROIT, MI",Lowest Tier year-over-year,-0.5154455589475214
2009-02-01,"DETROIT, MI",Middle Tier year-over-year,-0.47733795418855257
2009-02-01,"DETROIT, MI",Highest Tier year-over-year,-0.31453044609034886
2009-03-01,"DETROIT, MI",Lowest Tier year-over-year,-0.4903400612581481
2009-03-01,"DETROIT, MI",Middle Tier year-over-year,-0.45424354243542436
2009-03-01,"DETROIT, MI",Highest Tier year-over-year,-0.2980372635471483
2009-04-01,"DETROIT, MI",Lowest Tier year-over-year,-0.4609006734006734
2009-04-01,"DETROIT, MI",Middle Tier year-over-year,-0.4246912558697586
2009-04-01,"DETROIT, MI",Highest Tier year-over-year,-0.2785634146642173
2009-05-01,"DETROIT, MI",Lowest Tier year-over-year,-0.43072262318453175
2009-05-01,"DETROIT, MI",Middle Tier year-over-year,-0.3944497774674928
2009-05-01,"DETROIT, MI",Highest Tier year-over-year,-0.25924133495501117
2009-06-01,"DETROIT, MI",Lowest Tier year-over-year,-0.4029085485224201
2009-06-01,"DETROIT, MI",Middle Tier year-over-year,-0.3666803428154632
2009-06-01,"DETROIT, MI",Highest Tier year-over-year,-0.2472300067465878
2009-07-01,"DETROIT, MI",Lowest Tier year-over-year,-0.367984693877551
2009-07-01,"DETROIT, MI",Middle Tier year-over-year,-0.33253850922790784
2009-07-01,"DETROIT, MI",Highest Tier year-over-year,-0.22871396014415943
2009-08-01,"DETROIT, MI",Lowest Tier year-over-year,-0.3243016613385043
2009-08-01,"DETROIT, MI",Middle Tier year-over-year,-0.2928304930926692
2009-08-01,"DETROIT, MI",Highest Tier year-over-year,-0.20677878113088977
2009-09-01,"DETROIT, MI",Lowest Tier year-over-year,-0.2787485438508903
2009-09-01,"DETROIT, MI",Middle Tier year-over-year,-0.25256216731548425
2009-09-01,"DETROIT, MI",Highest Tier year-over-year,-0.18812358514295296
2009-10-01,"DETROIT, MI",Lowest Tier year-over-year,-0.22101384679384323
2009-10-01,"DETROIT, MI",Middle Tier year-over-year,-0.19923900789177001
2009-10-01,"DETROIT, MI",Highest Tier year-over-year,-0.16002660843660974
2009-11-01,"DETROIT, MI",Lowest Tier year-over-year,-0.15969606027712152
2009-11-01,"DETROIT, MI",Middle Tier year-over-year,-0.14540157385715144
2009-11-01,"DETROIT, MI",Highest Tier year-over-year,-0.13151290181993056
2009-12-01,"DETROIT, MI",Lowest Tier year-over-year,-0.10866472461215365
2009-12-01,"DETROIT, MI",Middle Tier year-over-year,-0.10488914155770324
2009-12-01,"DETROIT, MI",Highest Tier year-over-year,-0.11163309057418601
2010-01-01,"DETROIT, MI",Lowest Tier year-over-year,-0.057692307692307696
2010-01-01,"DETROIT, MI",Middle Tier year-over-year,-0.0656423190522019
2010-01-01,"DETROIT, MI",Highest Tier year-over-year,-0.08783280618168715
2010-02-01,"DETROIT, MI",Lowest Tier year-over-year,-0.0018000450011250281
2010-02-01,"DETROIT, MI",Middle Tier year-over-year,-0.01954689874292029
2010-02-01,"DETROIT, MI",Highest Tier year-over-year,-0.05428121314098599
2010-03-01,"DETROIT, MI",Lowest Tier year-over-year,0.05601356036674628
2010-03-01,"DETROIT, MI",Middle Tier year-over-year,0.025977723212697056
2010-03-01,"DETROIT, MI",Highest Tier year-over-year,-0.017179954749603214
2010-04-01,"DETROIT, MI",Lowest Tier year-over-year,0.10484815364197049
2010-04-01,"DETROIT, MI",Middle Tier year-over-year,0.062205602099888534
2010-04-01,"DETROIT, MI",Highest Tier year-over-year,0.015602836879432624
2010-05-01,"DETROIT, MI",Lowest Tier year-over-year,0.13288464548442636
2010-05-01,"DETROIT, MI",Middle Tier year-over-year,0.08174809050295431
2010-05-01,"DETROIT, MI",Highest Tier year-over-year,0.03476377140499278
2010-06-01,"DETROIT, MI",Lowest Tier year-over-year,0.1466822794691647
2010-06-01,"DETROIT, MI",Middle Tier year-over-year,0.09156019434946913
2010-06-01,"DETROIT, MI",Highest Tier year-over-year,0.047879628751906655
2010-07-01,"DETROIT, MI",Lowest Tier year-over-year,0.14484203989753938
2010-07-01,"DETROIT, MI",Middle Tier year-over-year,0.08845384395541583
2010-07-01,"DETROIT, MI",Highest Tier year-over-year,0.05272244698121473
2010-08-01,"DETROIT, MI",Lowest Tier year-over-year,0.1424804157294656
2010-08-01,"DETROIT, MI",Middle Tier year-over-year,0.08469984314843862
2010-08-01,"DETROIT, MI",Highest Tier year-over-year,0.05951294283795188
2010-09-01,"DETROIT, MI",Lowest Tier year-over-year,0.1351330564528534
2010-09-01,"DETROIT, MI",Middle Tier year-over-year,0.07699121315192743
2010-09-01,"DETROIT, MI",Highest Tier year-over-year,0.06420020826341019
2010-10-01,"DETROIT, MI",Lowest Tier year-over-year,0.12969179127250535
2010-10-01,"DETROIT, MI",Middle Tier year-over-year,0.06979690964767167
2010-10-01,"DETROIT, MI",Highest Tier year-over-year,0.0690539726263235
2010-11-01,"DETROIT, MI",Lowest Tier year-over-year,0.125531914893617
2010-11-01,"DETROIT, MI",Middle Tier year-over-year,0.0634730959828489
2010-11-01,"DETROIT, MI",Highest Tier year-over-year,0.07622426025263887
2010-12-01,"DETROIT, MI",Lowest Tier year-over-year,0.12426845025461732
2010-12-01,"DETROIT, MI",Middle Tier year-over-year,0.06358279524363995
2010-12-01,"DETROIT, MI",Highest Tier year-over-year,0.0844186958226249
2011-01-01,"DETROIT, MI",Lowest Tier year-over-year,0.11468169357295156
2011-01-01,"DETROIT, MI",Middle Tier year-over-year,0.05775173148641449
2011-01-01,"DETROIT, MI",Highest Tier year-over-year,0.08237648793848099
2011-02-01,"DETROIT, MI",Lowest Tier year-over-year,0.09219325268615222
2011-02-01,"DETROIT, MI",Middle Tier year-over-year,0.0424092990489609
2011-02-01,"DETROIT, MI",Highest Tier year-over-year,0.06854297127108444
2011-03-01,"DETROIT, MI",Lowest Tier year-over-year,0.06902086677367576
2011-03-01,"DETROIT, MI",Middle Tier year-over-year,0.030210537268911934
2011-03-01,"DETROIT, MI",Highest Tier year-over-year,0.054957609283867476
2011-04-01,"DETROIT, MI",Lowest Tier year-over-year,0.04960429621254946
2011-04-01,"DETROIT, MI",Middle Tier year-over-year,0.021326292271757894
2011-04-01,"DETROIT, MI",Highest Tier year-over-year,0.043708352964932355
2011-05-01,"DETROIT, MI",Lowest Tier year-over-year,0.03619784470848301
2011-05-01,"DETROIT, MI",Middle Tier year-over-year,0.01851790174854288
2011-05-01,"DETROIT, MI",Highest Tier year-over-year,0.03818163692553085
2011-06-01,"DETROIT, MI",Lowest Tier year-over-year,0.034447545782558375
2011-06-01,"DETROIT, MI",Middle Tier year-over-year,0.025421214019585216
2011-06-01,"DETROIT, MI",Highest Tier year-over-year,0.041695107609562736
2011-07-01,"DETROIT, MI",Lowest Tier year-over-year,0.02637466946911655
2011-07-01,"DETROIT, MI",Middle Tier year-over-year,0.023139031114612053
2011-07-01,"DETROIT, MI",Highest Tier year-over-year,0.03889555234621692
2011-08-01,"DETROIT, MI",Lowest Tier year-over-year,0.026951799049558724
2011-08-01,"DETROIT, MI",Middle Tier year-over-year,0.027737610095964243
2011-08-01,"DETROIT, MI",Highest Tier year-over-year,0.04293830311207198
2011-09-01,"DETROIT, MI",Lowest Tier year-over-year,0.02202046209092757
2011-09-01,"DETROIT, MI",Middle Tier year-over-year,0.024541895581800834
2011-09-01,"DETROIT, MI",Highest Tier year-over-year,0.04159017944508689
2011-10-01,"DETROIT, MI",Lowest Tier year-over-year,0.011277687736358726
2011-10-01,"DETROIT, MI",Middle Tier year-over-year,0.017667960781733237
2011-10-01,"DETROIT, MI",Highest Tier year-over-year,0.03758696212316413
2011-11-01,"DETROIT, MI",Lowest Tier year-over-year,0.003038077234674588
2011-11-01,"DETROIT, MI",Middle Tier year-over-year,0.012591295151855647
2011-11-01,"DETROIT, MI",Highest Tier year-over-year,0.03668301310394726
2011-12-01,"DETROIT, MI",Lowest Tier year-over-year,0.0037858301784748512
2011-12-01,"DETROIT, MI",Middle Tier year-over-year,0.014762963208705172
2011-12-01,"DETROIT, MI",Highest Tier year-over-year,0.041759389435629644
2012-01-01,"DETROIT, MI",Lowest Tier year-over-year,0.009427517420412625
2012-01-01,"DETROIT, MI",Middle Tier year-over-year,0.020214230549679326
2012-01-01,"DETROIT, MI",Highest Tier year-over-year,0.05015409570154096
2012-02-01,"DETROIT, MI",Lowest Tier year-over-year,0.027036323610346726
2012-02-01,"DETROIT, MI",Middle Tier year-over-year,0.036426302628911264
2012-02-01,"DETROIT, MI",Highest Tier year-over-year,0.06608062554584261
2012-03-01,"DETROIT, MI",Lowest Tier year-over-year,0.0417007917007917
2012-03-01,"DETROIT, MI",Middle Tier year-over-year,0.049962965456871594
2012-03-01,"DETROIT, MI",Highest Tier year-over-year,0.0756503684403371
2012-04-01,"DETROIT, MI",Lowest Tier year-over-year,0.05096270364884879
2012-04-01,"DETROIT, MI",Middle Tier year-over-year,0.057240396407145934
2012-04-01,"DETROIT, MI",Highest Tier year-over-year,0.0791126230340747
2012-05-01,"DETROIT, MI",Lowest Tier year-over-year,0.06046666666666667
2012-05-01,"DETROIT, MI",Middle Tier year-over-year,0.06419018344723848
2012-05-01,"DETROIT, MI",Highest Tier year-over-year,0.08149286217271622
2012-06-01,"DETROIT, MI",Lowest Tier year-over-year,0.07166831194471866
2012-06-01,"DETROIT, MI",Middle Tier year-over-year,0.07366559485530547
2012-06-01,"DETROIT, MI",Highest Tier year-over-year,0.08494714487593454
2012-07-01,"DETROIT, MI",Lowest Tier year-over-year,0.08290395032368873
2012-07-01,"DETROIT, MI",Middle Tier year-over-year,0.08597183460045552
2012-07-01,"DETROIT, MI",Highest Tier year-over-year,0.08831660462120855
2012-08-01,"DETROIT, MI",Lowest Tier year-over-year,0.08620347722615192
2012-08-01,"DETROIT, MI",Middle Tier year-over-year,0.08976080839089282
2012-08-01,"DETROIT, MI",Highest Tier year-over-year,0.08456982543640898
2012-09-01,"DETROIT, MI",Lowest Tier year-over-year,0.09082471492972687
2012-09-01,"DETROIT, MI",Middle Tier year-over-year,0.09417846707125196
2012-09-01,"DETROIT, MI",Highest Tier year-over-year,0.0809381841896865
2012-10-01,"DETROIT, MI",Lowest Tier year-over-year,0.09936560934891486
2012-10-01,"DETROIT, MI",Middle Tier year-over-year,0.10070802754518121
2012-10-01,"DETROIT, MI",Highest Tier year-over-year,0.08213565109421077
2012-11-01,"DETROIT, MI",Lowest Tier year-over-year,0.11011644342734064
2012-11-01,"DETROIT, MI",Middle Tier year-over-year,0.1100195822454308
2012-11-01,"DETROIT, MI",Highest Tier year-over-year,0.08524035889044845
2012-12-01,"DETROIT, MI",Lowest Tier year-over-year,0.119140625
2012-12-01,"DETROIT, MI",Middle Tier year-over-year,0.11703936184124493
2012-12-01,"DETROIT, MI",Highest Tier year-over-year,0.08613975152884563
2013-01-01,"DETROIT, MI",Lowest Tier year-over-year,0.13366269626421223
2013-01-01,"DETROIT, MI",Middle Tier year-over-year,0.13231083171510383
2013-01-01,"DETROIT, MI",Highest Tier year-over-year,0.09571066695499057
2013-02-01,"DETROIT, MI",Lowest Tier year-over-year,0.13738361578136513
2013-02-01,"DETROIT, MI",Middle Tier year-over-year,0.13986697965571204
2013-02-01,"DETROIT, MI",Highest Tier year-over-year,0.0963916302358877
2013-03-01,"DETROIT, MI",Lowest Tier year-over-year,0.1463015134639324
2013-03-01,"DETROIT, MI",Middle Tier year-over-year,0.14987494388507663
2013-03-01,"DETROIT, MI",Highest Tier year-over-year,0.10277353034684268
2013-04-01,"DETROIT, MI",Lowest Tier year-over-year,0.15489078214079816
2013-04-01,"DETROIT, MI",Middle Tier year-over-year,0.16120132923694275
2013-04-01,"DETROIT, MI",Highest Tier year-over-year,0.11144810069846488
2013-05-01,"DETROIT, MI",Lowest Tier year-over-year,0.15961526372037468
2013-05-01,"DETROIT, MI",Middle Tier year-over-year,0.16466937069813176
2013-05-01,"DETROIT, MI",Highest Tier year-over-year,0.11504824197940097
2013-06-01,"DETROIT, MI",Lowest Tier year-over-year,0.15634979120609188
2013-06-01,"DETROIT, MI",Middle Tier year-over-year,0.16109131203018778
2013-06-01,"DETROIT, MI",Highest Tier year-over-year,0.11406783237646169
2013-07-01,"DETROIT, MI",Lowest Tier year-over-year,0.1580552674922223
2013-07-01,"DETROIT, MI",Middle Tier year-over-year,0.16193542669778158
2013-07-01,"DETROIT, MI",Highest Tier year-over-year,0.11746324988633985
2013-08-01,"DETROIT, MI",Lowest Tier year-over-year,0.15969813158054896
2013-08-01,"DETROIT, MI",Middle Tier year-over-year,0.16361982452536752
2013-08-01,"DETROIT, MI",Highest Tier year-over-year,0.12294858161124364
2013-09-01,"DETROIT, MI",Lowest Tier year-over-year,0.1573477573842227
2013-09-01,"DETROIT, MI",Middle Tier year-over-year,0.16539499941307664
2013-09-01,"DETROIT, MI",Highest Tier year-over-year,0.12634761935544112
2013-10-01,"DETROIT, MI",Lowest Tier year-over-year,0.14547773795784485
2013-10-01,"DETROIT, MI",Middle Tier year-over-year,0.15860894084473948
2013-10-01,"DETROIT, MI",Highest Tier year-over-year,0.12199879521528355
2013-11-01,"DETROIT, MI",Lowest Tier year-over-year,0.1362396168071303
2013-11-01,"DETROIT, MI",Middle Tier year-over-year,0.15192143718208814
2013-11-01,"DETROIT, MI",Highest Tier year-over-year,0.11903962270892136
2013-12-01,"DETROIT, MI",Lowest Tier year-over-year,0.13720888246975987
2013-12-01,"DETROIT, MI",Middle Tier year-over-year,0.154998829313978
2013-12-01,"DETROIT, MI",Highest Tier year-over-year,0.12577834894172946
2014-01-01,"DETROIT, MI",Lowest Tier year-over-year,0.1293057130917557
2014-01-01,"DETROIT, MI",Middle Tier year-over-year,0.15042292823300293
2014-01-01,"DETROIT, MI",Highest Tier year-over-year,0.12384671229304256
2014-02-01,"DETROIT, MI",Lowest Tier year-over-year,0.11813898704358068
2014-02-01,"DETROIT, MI",Middle Tier year-over-year,0.14166809679080145
2014-02-01,"DETROIT, MI",Highest Tier year-over-year,0.12039552244017235
2014-03-01,"DETROIT, MI",Lowest Tier year-over-year,0.10385230909922268
2014-03-01,"DETROIT, MI",Middle Tier year-over-year,0.12897378694924708
2014-03-01,"DETROIT, MI",Highest Tier year-over-year,0.1134792666268542
2014-04-01,"DETROIT, MI",Lowest Tier year-over-year,0.08796938266126796
2014-04-01,"DETROIT, MI",Middle Tier year-over-year,0.11285097192224622
2014-04-01,"DETROIT, MI",Highest Tier year-over-year,0.10232283041187225
2014-05-01,"DETROIT, MI",Lowest Tier year-over-year,0.08186056597636344
2014-05-01,"DETROIT, MI",Middle Tier year-over-year,0.10408147112365776
2014-05-01,"DETROIT, MI",Highest Tier year-over-year,0.09822761627328286
2014-06-01,"DETROIT, MI",Lowest Tier year-over-year,0.07472118959107807
2014-06-01,"DETROIT, MI",Middle Tier year-over-year,0.09362909466082023
2014-06-01,"DETROIT, MI",Highest Tier year-over-year,0.09266964069939844
2014-07-01,"DETROIT, MI",Lowest Tier year-over-year,0.07558997050147492
2014-07-01,"DETROIT, MI",Middle Tier year-over-year,0.08984365069276726
2014-07-01,"DETROIT, MI",Highest Tier year-over-year,0.09106995246951849
2014-08-01,"DETROIT, MI",Lowest Tier year-over-year,0.07515087903437417
2014-08-01,"DETROIT, MI",Middle Tier year-over-year,0.08452906316983987
2014-08-01,"DETROIT, MI",Highest Tier year-over-year,0.08459653321218559
2014-09-01,"DETROIT, MI",Lowest Tier year-over-year,0.06926429659192354
2014-09-01,"DETROIT, MI",Middle Tier year-over-year,0.07579572925060435
2014-09-01,"DETROIT, MI",Highest Tier year-over-year,0.07412414391205091
2014-10-01,"DETROIT, MI",Lowest Tier year-over-year,0.07169371089192915
2014-10-01,"DETROIT, MI",Middle Tier year-over-year,0.07151548952999037
2014-10-01,"DETROIT, MI",Highest Tier year-over-year,0.06943805287109475
2014-11-01,"DETROIT, MI",Lowest Tier year-over-year,0.0712913553895411
2014-11-01,"DETROIT, MI",Middle Tier year-over-year,0.06470468119863189
2014-11-01,"DETROIT, MI",Highest Tier year-over-year,0.06494725549794386
2014-12-01,"DETROIT, MI",Lowest Tier year-over-year,0.0738212414668995
2014-12-01,"DETROIT, MI",Middle Tier year-over-year,0.060688222177174136
2014-12-01,"DETROIT, MI",Highest Tier year-over-year,0.06040691734254973
2015-01-01,"DETROIT, MI",Lowest Tier year-over-year,0.09155785801131258
2015-01-01,"DETROIT, MI",Middle Tier year-over-year,0.06703218960028298
2015-01-01,"DETROIT, MI",Highest Tier year-over-year,0.06690582509658322
2015-02-01,"DETROIT, MI",Lowest Tier year-over-year,0.10913304540187506
2015-02-01,"DETROIT, MI",Middle Tier year-over-year,0.07212827257923086
2015-02-01,"DETROIT, MI",Highest Tier year-over-year,0.07522250754157214
2015-03-01,"DETROIT, MI",Lowest Tier year-over-year,0.11313622948273185
2015-03-01,"DETROIT, MI",Middle Tier year-over-year,0.06940842287266889
2015-03-01,"DETROIT, MI",Highest Tier year-over-year,0.07670683968806831
2015-04-01,"DETROIT, MI",Lowest Tier year-over-year,0.11221004333418302
2015-04-01,"DETROIT, MI",Middle Tier year-over-year,0.06387675885492479
2015-04-01,"DETROIT, MI",Highest Tier year-over-year,0.07699624408565436
2015-05-01,"DETROIT, MI",Lowest Tier year-over-year,0.10708558829424734
2015-05-01,"DETROIT, MI",Middle Tier year-over-year,0.058115083158095965
2015-05-01,"DETROIT, MI",Highest Tier year-over-year,0.07730326759474092
2015-06-01,"DETROIT, MI",Lowest Tier year-over-year,0.10406680832139151
2015-06-01,"DETROIT, MI",Middle Tier year-over-year,0.05740566037735849
2015-06-01,"DETROIT, MI",Highest Tier year-over-year,0.08021352015350497
2015-07-01,"DETROIT, MI",Lowest Tier year-over-year,0.09202213624565356
2015-07-01,"DETROIT, MI",Middle Tier year-over-year,0.04777344934568103
2015-07-01,"DETROIT, MI",Highest Tier year-over-year,0.07699911216336194
2015-08-01,"DETROIT, MI",Lowest Tier year-over-year,0.07951383804363743
2015-08-01,"DETROIT, MI",Middle Tier year-over-year,0.039528448857162786
2015-08-01,"DETROIT, MI",Highest Tier year-over-year,0.07421653766282801
2015-09-01,"DETROIT, MI",Lowest Tier year-over-year,0.07322463412238484
2015-09-01,"DETROIT, MI",Middle Tier year-over-year,0.03459575862553251
2015-09-01,"DETROIT, MI",Highest Tier year-over-year,0.07526626375844504
2015-10-01,"DETROIT, MI",Lowest Tier year-over-year,0.06185056902523503
2015-10-01,"DETROIT, MI",Middle Tier year-over-year,0.026356259020039276
2015-10-01,"DETROIT, MI",Highest Tier year-over-year,0.07054147740855846
2015-11-01,"DETROIT, MI",Lowest Tier year-over-year,0.056485355648535567
2015-11-01,"DETROIT, MI",Middle Tier year-over-year,0.02536379545944909
2015-11-01,"DETROIT, MI",Highest Tier year-over-year,0.06927896867036426
2015-12-01,"DETROIT, MI",Lowest Tier year-over-year,0.05208949339641238
2015-12-01,"DETROIT, MI",Middle Tier year-over-year,0.023316371628562555
2015-12-01,"DETROIT, MI",Highest Tier year-over-year,0.0674632440405386
2016-01-01,"DETROIT, MI",Lowest Tier year-over-year,0.038355368298706956
2016-01-01,"DETROIT, MI",Middle Tier year-over-year,0.016149274229831166
2016-01-01,"DETROIT, MI",Highest Tier year-over-year,0.0600355051846975
2016-02-01,"DETROIT, MI",Lowest Tier year-over-year,0.02778041599392155
2016-02-01,"DETROIT, MI",Middle Tier year-over-year,0.012852269009674254
2016-02-01,"DETROIT, MI",Highest Tier year-over-year,0.05249459461026126
2016-03-01,"DETROIT, MI",Lowest Tier year-over-year,0.021909014792073682
2016-03-01,"DETROIT, MI",Middle Tier year-over-year,0.013304076683219772
2016-03-01,"DETROIT, MI",Highest Tier year-over-year,0.04860928213995351
2016-04-01,"DETROIT, MI",Lowest Tier year-over-year,0.021085441877521087
2016-04-01,"DETROIT, MI",Middle Tier year-over-year,0.018881262399379747
2016-04-01,"DETROIT, MI",Highest Tier year-over-year,0.047883783600172106
2016-05-01,"DETROIT, MI",Lowest Tier year-over-year,0.02398949893631467
2016-05-01,"DETROIT, MI",Middle Tier year-over-year,0.023577235772357725
2016-05-01,"DETROIT, MI",Highest Tier year-over-year,0.048009512165027086
2016-06-01,"DETROIT, MI",Lowest Tier year-over-year,0.02618269704157902
2016-06-01,"DETROIT, MI",Middle Tier year-over-year,0.02457956015523933
2016-06-01,"DETROIT, MI",Highest Tier year-over-year,0.04623429804659399
2016-07-01,"DETROIT, MI",Lowest Tier year-over-year,0.027939725535922503
2016-07-01,"DETROIT, MI",Middle Tier year-over-year,0.02662688959636663
2016-07-01,"DETROIT, MI",Highest Tier year-over-year,0.04399342709071824
2016-08-01,"DETROIT, MI",Lowest Tier year-over-year,0.0264514378730331
2016-08-01,"DETROIT, MI",Middle Tier year-over-year,0.027803252287113875
2016-08-01,"DETROIT, MI",Highest Tier year-over-year,0.039822279826893084
2016-09-01,"DETROIT, MI",Lowest Tier year-over-year,0.025671532512698485
2016-09-01,"DETROIT, MI",Middle Tier year-over-year,0.03018099547511312
2016-09-01,"DETROIT, MI",Highest Tier year-over-year,0.036969964664310954
2016-10-01,"DETROIT, MI",Lowest Tier year-over-year,0.026374650512581546
2016-10-01,"DETROIT, MI",Middle Tier year-over-year,0.03031280975542288
2016-10-01,"DETROIT, MI",Highest Tier year-over-year,0.035243938522691115
2016-11-01,"DETROIT, MI",Lowest Tier year-over-year,0.03281471004243282
2016-11-01,"DETROIT, MI",Middle Tier year-over-year,0.03425218021556662
2016-11-01,"DETROIT, MI",Highest Tier year-over-year,0.038535515816272174
2016-12-01,"DETROIT, MI",Lowest Tier year-over-year,0.03400627664059207
2016-12-01,"DETROIT, MI",Middle Tier year-over-year,0.034224349247111006
2016-12-01,"DETROIT, MI",Highest Tier year-over-year,0.03776486385593858
2017-01-01,"DETROIT, MI",Lowest Tier year-over-year,0.03656545870062031
2017-01-01,"DETROIT, MI",Middle Tier year-over-year,0.03399902127560413
2017-01-01,"DETROIT, MI",Highest Tier year-over-year,0.03641122614776326
2017-02-01,"DETROIT, MI",Lowest Tier year-over-year,0.048237305364321026
2017-02-01,"DETROIT, MI",Middle Tier year-over-year,0.04217423403469915
2017-02-01,"DETROIT, MI",Highest Tier year-over-year,0.04441286783536837
2017-03-01,"DETROIT, MI",Lowest Tier year-over-year,0.05812736128180618
2017-03-01,"DETROIT, MI",Middle Tier year-over-year,0.05071687447288642
2017-03-01,"DETROIT, MI",Highest Tier year-over-year,0.05137375237512831
2017-04-01,"DETROIT, MI",Lowest Tier year-over-year,0.06868378523971988
2017-04-01,"DETROIT, MI",Middle Tier year-over-year,0.05774266466730825
2017-04-01,"DETROIT, MI",Highest Tier year-over-year,0.05802457129890758
2017-05-01,"DETROIT, MI",Lowest Tier year-over-year,0.08230561817619238
2017-05-01,"DETROIT, MI",Middle Tier year-over-year,0.0657708940075898
2017-05-01,"DETROIT, MI",Highest Tier year-over-year,0.06577186954799902
2017-06-01,"DETROIT, MI",Lowest Tier year-over-year,0.09473133286810886
2017-06-01,"DETROIT, MI",Middle Tier year-over-year,0.07144723092998954
2017-06-01,"DETROIT, MI",Highest Tier year-over-year,0.07210747626477666
2017-07-01,"DETROIT, MI",Lowest Tier year-over-year,0.10558003577505344
2017-07-01,"DETROIT, MI",Middle Tier year-over-year,0.07548847396612669
2017-07-01,"DETROIT, MI",Highest Tier year-over-year,0.07638815775620644
2017-08-01,"DETROIT, MI",Lowest Tier year-over-year,0.11431214483943439
2017-08-01,"DETROIT, MI",Middle Tier year-over-year,0.08004352557127312
2017-08-01,"DETROIT, MI",Highest Tier year-over-year,0.07934085087279161
2017-09-01,"DETROIT, MI",Lowest Tier year-over-year,0.11546354956723476
2017-09-01,"DETROIT, MI",Middle Tier year-over-year,0.0799183028066939
2017-09-01,"DETROIT, MI",Highest Tier year-over-year,0.07726711249307833
2017-10-01,"DETROIT, MI",Lowest Tier year-over-year,0.12280940706437846
2017-10-01,"DETROIT, MI",Middle Tier year-over-year,0.0890236262752819
2017-10-01,"DETROIT, MI",Highest Tier year-over-year,0.08171013179749348
2017-11-01,"DETROIT, MI",Lowest Tier year-over-year,0.13256642015886058
2017-11-01,"DETROIT, MI",Middle Tier year-over-year,0.0973641378063116
2017-11-01,"DETROIT, MI",Highest Tier year-over-year,0.08331488490882878
2017-12-01,"DETROIT, MI",Lowest Tier year-over-year,0.13925254813137034
2017-12-01,"DETROIT, MI",Middle Tier year-over-year,0.1018712895871425
2017-12-01,"DETROIT, MI",Highest Tier year-over-year,0.08313781495460573
2018-01-01,"DETROIT, MI",Lowest Tier year-over-year,0.14636670416197975
2018-01-01,"DETROIT, MI",Middle Tier year-over-year,0.10743261516271523
2018-01-01,"DETROIT, MI",Highest Tier year-over-year,0.0847106664169721
2018-02-01,"DETROIT, MI",Lowest Tier year-over-year,0.15638912152333936
2018-02-01,"DETROIT, MI",Middle Tier year-over-year,0.11571327370937749
2018-02-01,"DETROIT, MI",Highest Tier year-over-year,0.08924079669677747
2018-03-01,"DETROIT, MI",Lowest Tier year-over-year,0.16032865869396887
2018-03-01,"DETROIT, MI",Middle Tier year-over-year,0.1182098229781326
2018-03-01,"DETROIT, MI",Highest Tier year-over-year,0.08931900683953323
2018-04-01,"DETROIT, MI",Lowest Tier year-over-year,0.1628581029992439
2018-04-01,"DETROIT, MI",Middle Tier year-over-year,0.11840629694674255
2018-04-01,"DETROIT, MI",Highest Tier year-over-year,0.08997416179008752
2018-05-01,"DETROIT, MI",Lowest Tier year-over-year,0.15813763528691036
2018-05-01,"DETROIT, MI",Middle Tier year-over-year,0.11379774350481317
2018-05-01,"DETROIT, MI",Highest Tier year-over-year,0.08738726976921686
2018-06-01,"DETROIT, MI",Lowest Tier year-over-year,0.15258964143426296
2018-06-01,"DETROIT, MI",Middle Tier year-over-year,0.10993945304563371
2018-06-01,"DETROIT, MI",Highest Tier year-over-year,0.08457409545234783
2018-07-01,"DETROIT, MI",Lowest Tier year-over-year,0.1479026084211357
2018-07-01,"DETROIT, MI",Middle Tier year-over-year,0.1052143404444086
2018-07-01,"DETROIT, MI",Highest Tier year-over-year,0.08086563149529283
2018-08-01,"DETROIT, MI",Lowest Tier year-over-year,0.14512175838077165
2018-08-01,"DETROIT, MI",Middle Tier year-over-year,0.10205932135085033
2018-08-01,"DETROIT, MI",Highest Tier year-over-year,0.07943451900350856
2018-09-01,"DETROIT, MI",Lowest Tier year-over-year,0.15046796256299497
2018-09-01,"DETROIT, MI",Middle Tier year-over-year,0.1032070445162996
2018-09-01,"DETROIT, MI",Highest Tier year-over-year,0.08308291487090269
2018-10-01,"DETROIT, MI",Lowest Tier year-over-year,0.15345113420403542
2018-10-01,"DETROIT, MI",Middle Tier year-over-year,0.10596815613764766
2018-10-01,"DETROIT, MI",Highest Tier year-over-year,0.08503998245159232
2018-11-01,"DETROIT, MI",Lowest Tier year-over-year,0.14558645707376058
2018-11-01,"DETROIT, MI",Middle Tier year-over-year,0.0980985930000206
2018-11-01,"DETROIT, MI",Highest Tier year-over-year,0.07872661752171897
2018-12-01,"DETROIT, MI",Lowest Tier year-over-year,0.13622808063938924
2018-12-01,"DETROIT, MI",Middle Tier year-over-year,0.08933912402179703
2018-12-01,"DETROIT, MI",Highest Tier year-over-year,0.07441682941578848
2019-01-01,"DETROIT, MI",Lowest Tier year-over-year,0.1269330402700369
2019-01-01,"DETROIT, MI",Middle Tier year-over-year,0.0833146787683917
2019-01-01,"DETROIT, MI",Highest Tier year-over-year,0.068639105792519
2019-02-01,"DETROIT, MI",Lowest Tier year-over-year,0.11896321707642463
2019-02-01,"DETROIT, MI",Middle Tier year-over-year,0.07613246294569337
2019-02-01,"DETROIT, MI",Highest Tier year-over-year,0.0615910455276051
2019-03-01,"DETROIT, MI",Lowest Tier year-over-year,0.11352092833574315
2019-03-01,"DETROIT, MI",Middle Tier year-over-year,0.06984188573091474
2019-03-01,"DETROIT, MI",Highest Tier year-over-year,0.055550258395469024
2019-04-01,"DETROIT, MI",Lowest Tier year-over-year,0.10905609941119099
2019-04-01,"DETROIT, MI",Middle Tier year-over-year,0.06481639139565241
2019-04-01,"DETROIT, MI",Highest Tier year-over-year,0.04819773815435644
2019-05-01,"DETROIT, MI",Lowest Tier year-over-year,0.10628768910674613
2019-05-01,"DETROIT, MI",Middle Tier year-over-year,0.06484889037582246
2019-05-01,"DETROIT, MI",Highest Tier year-over-year,0.04400810894431335
2019-06-01,"DETROIT, MI",Lowest Tier year-over-year,0.10601451780159005
2019-06-01,"DETROIT, MI",Middle Tier year-over-year,0.06692416115982354
2019-06-01,"DETROIT, MI",Highest Tier year-over-year,0.03926474133578359
2019-07-01,"DETROIT, MI",Lowest Tier year-over-year,0.09986592870157104
2019-07-01,"DETROIT, MI",Middle Tier year-over-year,0.06401882799386996
2019-07-01,"DETROIT, MI",Highest Tier year-over-year,0.02938781050631193
2019-08-01,"DETROIT, MI",Lowest Tier year-over-year,0.09904373942762454
2019-08-01,"DETROIT, MI",Middle Tier year-over-year,0.06236629916077012
2019-08-01,"DETROIT, MI",Highest Tier year-over-year,0.021165964005621287
2019-09-01,"DETROIT, MI",Lowest Tier year-over-year,0.10568766513697678
2019-09-01,"DETROIT, MI",Middle Tier year-over-year,0.06497935407756968
2019-09-01,"DETROIT, MI",Highest Tier year-over-year,0.019211638328359298
2019-10-01,"DETROIT, MI",Lowest Tier year-over-year,0.10593844212297553
2019-10-01,"DETROIT, MI",Middle Tier year-over-year,0.06535024984674828
2019-10-01,"DETROIT, MI",Highest Tier year-over-year,0.0168898118963822
2019-11-01,"DETROIT, MI",Lowest Tier year-over-year,0.11114629512349589
2019-11-01,"DETROIT, MI",Middle Tier year-over-year,0.0720382703311134
2019-11-01,"DETROIT, MI",Highest Tier year-over-year,0.021476162753088817
2019-12-01,"DETROIT, MI",Lowest Tier year-over-year,0.12097987751531059
2019-12-01,"DETROIT, MI",Middle Tier year-over-year,0.08195580629995299
2019-12-01,"DETROIT, MI",Highest Tier year-over-year,0.03020460889022168
2020-01-01,"DETROIT, MI",Lowest Tier year-over-year,0.13106018389523544
2020-01-01,"DETROIT, MI",Middle Tier year-over-year,0.09227358969060545
2020-01-01,"DETROIT, MI",Highest Tier year-over-year,0.04039844536147192
2020-02-01,"DETROIT, MI",Lowest Tier year-over-year,0.13700776672571194
2020-02-01,"DETROIT, MI",Middle Tier year-over-year,0.10166678958625268
2020-02-01,"DETROIT, MI",Highest Tier year-over-year,0.0497131495179635
2020-03-01,"DETROIT, MI",Lowest Tier year-over-year,0.13517562843349426
2020-03-01,"DETROIT, MI",Middle Tier year-over-year,0.10318251881403573
2020-03-01,"DETROIT, MI",Highest Tier year-over-year,0.05200354097412921
2020-04-01,"DETROIT, MI",Lowest Tier year-over-year,0.13546348772066966
2020-04-01,"DETROIT, MI",Middle Tier year-over-year,0.1035836753549029
2020-04-01,"DETROIT, MI",Highest Tier year-over-year,0.0531549731387044
2020-05-01,"DETROIT, MI",Lowest Tier year-over-year,0.1273469127538172
2020-05-01,"DETROIT, MI",Middle Tier year-over-year,0.09608839084672985
2020-05-01,"DETROIT, MI",Highest Tier year-over-year,0.04574908992794618
2020-06-01,"DETROIT, MI",Lowest Tier year-over-year,0.1371378566740632
2020-06-01,"DETROIT, MI",Middle Tier year-over-year,0.10417774727631467
2020-06-01,"DETROIT, MI",Highest Tier year-over-year,0.0538663211845601
2020-07-01,"DETROIT, MI",Lowest Tier year-over-year,0.17134462711758455
2020-07-01,"DETROIT, MI",Middle Tier year-over-year,0.12889010819430394
2020-07-01,"DETROIT, MI",Highest Tier year-over-year,0.07964660117360058
2020-08-01,"DETROIT, MI",Lowest Tier year-over-year,0.19729237341374545
2020-08-01,"DETROIT, MI",Middle Tier year-over-year,0.15174514663362246
2020-08-01,"DETROIT, MI",Highest Tier year-over-year,0.10076844876342343
2020-09-01,"DETROIT, MI",Lowest Tier year-over-year,0.21333794491258962
2020-09-01,"DETROIT, MI",Middle Tier year-over-year,0.1699755941356689
2020-09-01,"DETROIT, MI",Highest Tier year-over-year,0.11834446693052994
2020-10-01,"DETROIT, MI",Lowest Tier year-over-year,0.22866742741219728
2020-10-01,"DETROIT, MI",Middle Tier year-over-year,0.1883838119649178
2020-10-01,"DETROIT, MI",Highest Tier year-over-year,0.13774952331896512
2020-11-01,"DETROIT, MI",Lowest Tier year-over-year,0.24213926094803837
2020-11-01,"DETROIT, MI",Middle Tier year-over-year,0.20587977950826844
2020-11-01,"DETROIT, MI",Highest Tier year-over-year,0.1554321177524268
2020-12-01,"DETROIT, MI",Lowest Tier year-over-year,0.24203921078921078
2020-12-01,"DETROIT, MI",Middle Tier year-over-year,0.20953192081066518
2020-12-01,"DETROIT, MI",Highest Tier year-over-year,0.16087630204834708
2021-01-01,"DETROIT, MI",Lowest Tier year-over-year,0.2353194765204003
2021-01-01,"DETROIT, MI",Middle Tier year-over-year,0.206862154957434
2021-01-01,"DETROIT, MI",Highest Tier year-over-year,0.1604834201442807
2021-02-01,"DETROIT, MI",Lowest Tier year-over-year,0.22457906405416742
2021-02-01,"DETROIT, MI",Middle Tier year-over-year,0.19760669456066945
2021-02-01,"DETROIT, MI",Highest Tier year-over-year,0.1552965300917981
